{
  "tests": [
    {
      "name": "Unnamed test",
      "description": "",
      "actions": [
        {
          "type": "URL_CHANGE_INDICATOR",
          "selector": "",
          "selectorType": "CSS",
          "nodeName": null,
          "description": null,
          "timeout": null,
          "warnings": [],
          "suggestions": [],
          "continueOnFail": false,
          "id": "rkWiPQ23O8",
          "value": "/project/Project.php",
          "index": null
        },
        {
          "type": "FULL_PAGELOAD",
          "selector": "",
          "selectorType": "CSS",
          "nodeName": null,
          "description": null,
          "timeout": null,
          "warnings": [],
          "suggestions": [],
          "continueOnFail": false,
          "id": "H1swX22_8",
          "value": "${baseUrl}/project/Project.php",
          "width": 1372,
          "height": 937,
          "resize": false,
          "complete": false
        },
        {
          "type": "MOUSEDOWN",
          "selector": "nav > ul > li:nth-of-type(3) > a",
          "selectorType": "CSS",
          "nodeName": null,
          "description": null,
          "timeout": null,
          "warnings": [
            "Couldn't find a good selector strategy to target this element. "
          ],
          "suggestions": [],
          "continueOnFail": false,
          "id": "HypP72n_L",
          "textContent": "Upload",
          "textAsserted": false,
          "x": 564,
          "y": 37
        },
        {
          "type": "URL_CHANGE_INDICATOR",
          "selector": "",
          "selectorType": "CSS",
          "nodeName": null,
          "description": null,
          "timeout": null,
          "warnings": [],
          "suggestions": [],
          "continueOnFail": false,
          "id": "r1pDQ22_8",
          "value": "/project/writing.php",
          "index": null
        },
        {
          "type": "PATH_ASSERT",
          "selector": "",
          "selectorType": "CSS",
          "nodeName": null,
          "description": null,
          "timeout": null,
          "warnings": [],
          "suggestions": [],
          "continueOnFail": false,
          "id": "rkgTvQnh_L",
          "value": "/project/writing.php",
          "regex": false
        },
        {
          "type": "MOUSEDOWN",
          "selector": "#headerbtn",
          "selectorType": "CSS",
          "nodeName": null,
          "description": null,
          "timeout": null,
          "warnings": [],
          "suggestions": [],
          "continueOnFail": false,
          "id": "Sk1uX3nOU",
          "textContent": "WRITE",
          "textAsserted": false,
          "x": 596,
          "y": 135
        },
        {
          "type": "MOUSEDOWN",
          "selector": "#editor",
          "selectorType": "CSS",
          "nodeName": null,
          "description": null,
          "timeout": null,
          "warnings": [],
          "suggestions": [],
          "continueOnFail": false,
          "id": "ryldm2h_L",
          "textContent": null,
          "textAsserted": false,
          "x": 652,
          "y": 310
        },
        {
          "type": "INPUT",
          "selector": "#editor",
          "selectorType": "CSS",
          "nodeName": null,
          "description": null,
          "timeout": null,
          "warnings": [],
          "suggestions": [],
          "continueOnFail": false,
          "id": "Hyxb_72nu8",
          "value": "testing",
          "isContentEditable": true
        },
        {
          "type": "MOUSEDOWN",
          "selector": "#submitbtn",
          "selectorType": "CSS",
          "nodeName": null,
          "description": null,
          "timeout": null,
          "warnings": [],
          "suggestions": [],
          "continueOnFail": false,
          "id": "B1EuX3nO8",
          "textContent": "Submit",
          "textAsserted": false,
          "x": 685,
          "y": 500
        },
        {
          "type": "URL_CHANGE_INDICATOR",
          "selector": "",
          "selectorType": "CSS",
          "nodeName": null,
          "description": null,
          "timeout": null,
          "warnings": [],
          "suggestions": [],
          "continueOnFail": false,
          "id": "r1V_72hdU",
          "value": "/project/reading.php",
          "index": null
        },
        {
          "type": "PATH_ASSERT",
          "selector": "",
          "selectorType": "CSS",
          "nodeName": null,
          "description": null,
          "timeout": null,
          "warnings": [],
          "suggestions": [],
          "continueOnFail": false,
          "id": "rygEuQhn_L",
          "value": "/project/reading.php",
          "regex": false
        },
        {
          "type": "MOUSEDOWN",
          "selector": "[name=title]",
          "selectorType": "CSS",
          "nodeName": null,
          "description": null,
          "timeout": null,
          "warnings": [],
          "suggestions": [],
          "continueOnFail": false,
          "id": "HkBO723d8",
          "textContent": null,
          "textAsserted": false,
          "x": 655,
          "y": 280
        },
        {
          "type": "INPUT",
          "selector": "[name=title]",
          "selectorType": "CSS",
          "nodeName": null,
          "description": null,
          "timeout": null,
          "warnings": [],
          "suggestions": [],
          "continueOnFail": false,
          "id": "Hke8_Q2nOU",
          "value": "new test",
          "inputType": "text",
          "isContentEditable": false
        },
        {
          "type": "MOUSEDOWN",
          "selector": "div:nth-of-type(2) > form > p",
          "selectorType": "CSS",
          "nodeName": null,
          "description": null,
          "timeout": null,
          "warnings": [
            "Couldn't find a good selector strategy to target this element. "
          ],
          "suggestions": [],
          "continueOnFail": false,
          "id": "HyWDdmh2dL",
          "textContent": "Title:",
          "textAsserted": false,
          "x": 895,
          "y": 292
        },
        {
          "type": "MOUSEDOWN",
          "selector": "div > :nth-child(3) form",
          "selectorType": "CSS",
          "nodeName": null,
          "description": null,
          "timeout": null,
          "warnings": [],
          "suggestions": [],
          "continueOnFail": false,
          "id": "BJ_OQ3ndU",
          "textContent": "Public                Private",
          "textAsserted": false,
          "x": 640,
          "y": 346
        },
        {
          "type": "MOUSEDOWN",
          "selector": "div:nth-of-type(2) > form > input",
          "selectorType": "CSS",
          "nodeName": null,
          "description": null,
          "timeout": null,
          "warnings": [
            "Couldn't find a good selector strategy to target this element. "
          ],
          "suggestions": [],
          "continueOnFail": false,
          "id": "SJt_Q22OI",
          "textContent": null,
          "textAsserted": false,
          "x": 631,
          "y": 350
        },
        {
          "type": "INPUT",
          "selector": "div:nth-of-type(2) > form > input",
          "selectorType": "CSS",
          "nodeName": null,
          "description": null,
          "timeout": null,
          "warnings": [
            "Couldn't find a good selector strategy to target this element. "
          ],
          "suggestions": [],
          "continueOnFail": false,
          "id": "HkxtuXh2_U",
          "value": true,
          "inputType": "radio",
          "isContentEditable": false
        },
        {
          "type": "MOUSEDOWN",
          "selector": "[name=tags]",
          "selectorType": "CSS",
          "nodeName": null,
          "description": null,
          "timeout": null,
          "warnings": [],
          "suggestions": [],
          "continueOnFail": false,
          "id": "rJWYuQn2d8",
          "textContent": null,
          "textAsserted": false,
          "x": 648,
          "y": 388
        },
        {
          "type": "INPUT",
          "selector": "[name=tags]",
          "selectorType": "CSS",
          "nodeName": null,
          "description": null,
          "timeout": null,
          "warnings": [],
          "suggestions": [],
          "continueOnFail": false,
          "id": "HJl5dXhn_U",
          "value": "few",
          "inputType": "text",
          "isContentEditable": false
        },
        {
          "type": "MOUSEDOWN",
          "selector": "#submitbtn",
          "selectorType": "CSS",
          "nodeName": null,
          "description": null,
          "timeout": null,
          "warnings": [],
          "suggestions": [],
          "continueOnFail": false,
          "id": "ry7jO73h_U",
          "textContent": null,
          "textAsserted": false,
          "x": 681,
          "y": 454
        },
        {
          "type": "URL_CHANGE_INDICATOR",
          "selector": "",
          "selectorType": "CSS",
          "nodeName": null,
          "description": null,
          "timeout": null,
          "warnings": [],
          "suggestions": [],
          "continueOnFail": false,
          "id": "Bksu73ndL",
          "value": "/project/upload.php",
          "index": null
        },
        {
          "type": "PATH_ASSERT",
          "selector": "",
          "selectorType": "CSS",
          "nodeName": null,
          "description": null,
          "timeout": null,
          "warnings": [],
          "suggestions": [],
          "continueOnFail": false,
          "id": "HJej_mnn_U",
          "value": "/project/upload.php",
          "regex": false
        },
        {
          "type": "MOUSEDOWN",
          "selector": "[name=search]",
          "selectorType": "CSS",
          "nodeName": null,
          "description": null,
          "timeout": null,
          "warnings": [],
          "suggestions": [],
          "continueOnFail": false,
          "id": "HkpuQ23d8",
          "textContent": null,
          "textAsserted": false,
          "x": 999,
          "y": 47
        },
        {
          "type": "INPUT",
          "selector": "[name=search]",
          "selectorType": "CSS",
          "nodeName": null,
          "description": null,
          "timeout": null,
          "warnings": [],
          "suggestions": [],
          "continueOnFail": false,
          "id": "HkZTdXh3OL",
          "value": "ew",
          "inputType": "text",
          "isContentEditable": false
        },
        {
          "type": "MOUSEDOWN",
          "selector": "header > form > input:nth-of-type(2)",
          "selectorType": "CSS",
          "nodeName": null,
          "description": null,
          "timeout": null,
          "warnings": [
            "Couldn't find a good selector strategy to target this element. "
          ],
          "suggestions": [],
          "continueOnFail": false,
          "id": "HkJYQ3n_8",
          "textContent": null,
          "textAsserted": false,
          "x": 1216,
          "y": 41
        },
        {
          "type": "URL_CHANGE_INDICATOR",
          "selector": "",
          "selectorType": "CSS",
          "nodeName": null,
          "description": null,
          "timeout": null,
          "warnings": [],
          "suggestions": [],
          "continueOnFail": false,
          "id": "S1yKXn2uL",
          "value": "/project/searchresults.php",
          "index": null
        },
        {
          "type": "PATH_ASSERT",
          "selector": "",
          "selectorType": "CSS",
          "nodeName": null,
          "description": null,
          "timeout": null,
          "warnings": [],
          "suggestions": [],
          "continueOnFail": false,
          "id": "S1eJt723_U",
          "value": "/project/searchresults.php",
          "regex": false
        },
        {
          "type": "TEXT_ASSERT",
          "selector": "nav > ul > li:nth-of-type(4) > a",
          "selectorType": "CSS",
          "nodeName": null,
          "description": null,
          "timeout": null,
          "warnings": [],
          "suggestions": [],
          "continueOnFail": false,
          "id": "rknjmh3uU",
          "value": "Welcome, ian123",
          "regex": false
        },
        {
          "type": "TEXT_ASSERT",
          "selector": "nav > ul > li:nth-of-type(3) > a",
          "selectorType": "CSS",
          "nodeName": null,
          "description": null,
          "timeout": null,
          "warnings": [],
          "suggestions": [],
          "continueOnFail": false,
          "id": "rJ0jQh2OL",
          "value": "Upload",
          "regex": false
        }
      ],
      "id": "Hk-SW3n_8",
      "type": "test",
      "variables": [
        {
          "id": "S1xsw732_L",
          "name": "baseUrl",
          "defaultValue": "http://localhost",
          "type": "STRING_VAR"
        }
      ]
    },
    {
      "name": "Unnamed test",
      "description": "",
      "actions": [
        {
          "type": "URL_CHANGE_INDICATOR",
          "selector": "",
          "selectorType": "CSS",
          "nodeName": null,
          "description": null,
          "timeout": null,
          "warnings": [],
          "suggestions": [],
          "continueOnFail": false,
          "id": "Bkb0Az3nOI",
          "value": "/project/Project.php",
          "index": null
        },
        {
          "type": "FULL_PAGELOAD",
          "selector": "",
          "selectorType": "CSS",
          "nodeName": null,
          "description": null,
          "timeout": null,
          "warnings": [],
          "suggestions": [],
          "continueOnFail": false,
          "id": "ryRAznnO8",
          "value": "${baseUrl}/project/Project.php",
          "width": 1920,
          "height": 937,
          "resize": false,
          "complete": false
        },
        {
          "type": "MOUSEDOWN",
          "selector": "nav > ul > li > a",
          "selectorType": "CSS",
          "nodeName": null,
          "description": null,
          "timeout": null,
          "warnings": [
            "Couldn't find a good selector strategy to target this element. "
          ],
          "suggestions": [],
          "continueOnFail": false,
          "id": "HkV1Xh2O8",
          "textContent": "Home",
          "textAsserted": false,
          "x": 664,
          "y": 35
        },
        {
          "type": "URL_CHANGE_INDICATOR",
          "selector": "",
          "selectorType": "CSS",
          "nodeName": null,
          "description": null,
          "timeout": null,
          "warnings": [],
          "suggestions": [],
          "continueOnFail": false,
          "id": "B1Hk7n3dL",
          "value": "/_generated_background_page.html",
          "index": null
        },
        {
          "type": "PATH_ASSERT",
          "selector": "",
          "selectorType": "CSS",
          "nodeName": null,
          "description": null,
          "timeout": null,
          "warnings": [],
          "suggestions": [],
          "continueOnFail": false,
          "id": "SyeHJmhnOI",
          "value": "/_generated_background_page.html",
          "regex": false
        },
        {
          "type": "MOUSEDOWN",
          "selector": "nav > ul > li:nth-of-type(2) > a",
          "selectorType": "CSS",
          "nodeName": null,
          "description": null,
          "timeout": null,
          "warnings": [
            "Couldn't find a good selector strategy to target this element. "
          ],
          "suggestions": [],
          "continueOnFail": false,
          "id": "r1a1723OU",
          "textContent": "Profile",
          "textAsserted": false,
          "x": 469,
          "y": 34
        },
        {
          "type": "URL_CHANGE_INDICATOR",
          "selector": "",
          "selectorType": "CSS",
          "nodeName": null,
          "description": null,
          "timeout": null,
          "warnings": [],
          "suggestions": [],
          "continueOnFail": false,
          "id": "rJ01Q3ndL",
          "value": "/project/profile.php",
          "index": null
        },
        {
          "type": "PATH_ASSERT",
          "selector": "",
          "selectorType": "CSS",
          "nodeName": null,
          "description": null,
          "timeout": null,
          "warnings": [],
          "suggestions": [],
          "continueOnFail": false,
          "id": "BklRkmh2OI",
          "value": "/project/profile.php",
          "regex": false
        },
        {
          "type": "MOUSEDOWN",
          "selector": ".nav__links > :nth-child(3) a",
          "selectorType": "CSS",
          "nodeName": null,
          "description": null,
          "timeout": null,
          "warnings": [],
          "suggestions": [],
          "continueOnFail": false,
          "id": "BkExXh2uI",
          "textContent": "Upload",
          "textAsserted": false,
          "x": 556,
          "y": 45
        },
        {
          "type": "URL_CHANGE_INDICATOR",
          "selector": "",
          "selectorType": "CSS",
          "nodeName": null,
          "description": null,
          "timeout": null,
          "warnings": [],
          "suggestions": [],
          "continueOnFail": false,
          "id": "rJ4g732d8",
          "value": "/project/writing.php",
          "index": null
        },
        {
          "type": "PATH_ASSERT",
          "selector": "",
          "selectorType": "CSS",
          "nodeName": null,
          "description": null,
          "timeout": null,
          "warnings": [],
          "suggestions": [],
          "continueOnFail": false,
          "id": "SJlNlm22d8",
          "value": "/project/writing.php",
          "regex": false
        },
        {
          "type": "MOUSEDOWN",
          "selector": "#headerbtn",
          "selectorType": "CSS",
          "nodeName": null,
          "description": null,
          "timeout": null,
          "warnings": [],
          "suggestions": [],
          "continueOnFail": false,
          "id": "ryHgm3nOI",
          "textContent": "WRITE",
          "textAsserted": false,
          "x": 570,
          "y": 139
        },
        {
          "type": "MOUSEDOWN",
          "selector": "#editor",
          "selectorType": "CSS",
          "nodeName": null,
          "description": null,
          "timeout": null,
          "warnings": [],
          "suggestions": [],
          "continueOnFail": false,
          "id": "BJUgQ32u8",
          "textContent": null,
          "textAsserted": false,
          "x": 718,
          "y": 372
        },
        {
          "type": "INPUT",
          "selector": "#editor",
          "selectorType": "CSS",
          "nodeName": null,
          "description": null,
          "timeout": null,
          "warnings": [],
          "suggestions": [],
          "continueOnFail": false,
          "id": "SJePemnnO8",
          "value": "testing",
          "isContentEditable": true
        },
        {
          "type": "MOUSEDOWN",
          "selector": "#submitbtn",
          "selectorType": "CSS",
          "nodeName": null,
          "description": null,
          "timeout": null,
          "warnings": [],
          "suggestions": [],
          "continueOnFail": false,
          "id": "SJFemnnOU",
          "textContent": "Submit",
          "textAsserted": false,
          "x": 689,
          "y": 489
        },
        {
          "type": "URL_CHANGE_INDICATOR",
          "selector": "",
          "selectorType": "CSS",
          "nodeName": null,
          "description": null,
          "timeout": null,
          "warnings": [],
          "suggestions": [],
          "continueOnFail": false,
          "id": "BkKgQn3OU",
          "value": "/project/reading.php",
          "index": null
        },
        {
          "type": "PATH_ASSERT",
          "selector": "",
          "selectorType": "CSS",
          "nodeName": null,
          "description": null,
          "timeout": null,
          "warnings": [],
          "suggestions": [],
          "continueOnFail": false,
          "id": "S1lFl73huL",
          "value": "/project/reading.php",
          "regex": false
        },
        {
          "type": "MOUSEDOWN",
          "selector": "[name=title]",
          "selectorType": "CSS",
          "nodeName": null,
          "description": null,
          "timeout": null,
          "warnings": [],
          "suggestions": [],
          "continueOnFail": false,
          "id": "rkAgQh2_I",
          "textContent": null,
          "textAsserted": false,
          "x": 674,
          "y": 299
        },
        {
          "type": "INPUT",
          "selector": "[name=title]",
          "selectorType": "CSS",
          "nodeName": null,
          "description": null,
          "timeout": null,
          "warnings": [],
          "suggestions": [],
          "continueOnFail": false,
          "id": "B1ey-m2hdU",
          "value": "new test",
          "inputType": "text",
          "isContentEditable": false
        },
        {
          "type": "MOUSEDOWN",
          "selector": "div:nth-of-type(2) > form > p",
          "selectorType": "CSS",
          "nodeName": null,
          "description": null,
          "timeout": null,
          "warnings": [
            "Couldn't find a good selector strategy to target this element. "
          ],
          "suggestions": [],
          "continueOnFail": false,
          "id": "H1--m33OU",
          "textContent": "Title:",
          "textAsserted": false,
          "x": 924,
          "y": 274
        },
        {
          "type": "MOUSEDOWN",
          "selector": "div:nth-of-type(2) > form > input",
          "selectorType": "CSS",
          "nodeName": null,
          "description": null,
          "timeout": null,
          "warnings": [
            "Couldn't find a good selector strategy to target this element. "
          ],
          "suggestions": [],
          "continueOnFail": false,
          "id": "H1fbQ23OI",
          "textContent": null,
          "textAsserted": false,
          "x": 632,
          "y": 352
        },
        {
          "type": "INPUT",
          "selector": "div:nth-of-type(2) > form > input",
          "selectorType": "CSS",
          "nodeName": null,
          "description": null,
          "timeout": null,
          "warnings": [
            "Couldn't find a good selector strategy to target this element. "
          ],
          "suggestions": [],
          "continueOnFail": false,
          "id": "BklfZ723uL",
          "value": true,
          "inputType": "radio",
          "isContentEditable": false
        },
        {
          "type": "MOUSEDOWN",
          "selector": "[name=tags]",
          "selectorType": "CSS",
          "nodeName": null,
          "description": null,
          "timeout": null,
          "warnings": [],
          "suggestions": [],
          "continueOnFail": false,
          "id": "BybfW7n3uL",
          "textContent": null,
          "textAsserted": false,
          "x": 650,
          "y": 393
        },
        {
          "type": "INPUT",
          "selector": "[name=tags]",
          "selectorType": "CSS",
          "nodeName": null,
          "description": null,
          "timeout": null,
          "warnings": [],
          "suggestions": [],
          "continueOnFail": false,
          "id": "Hyx7ZX32_L",
          "value": "asdf",
          "inputType": "text",
          "isContentEditable": false
        },
        {
          "type": "MOUSEDOWN",
          "selector": "#submitbtn",
          "selectorType": "CSS",
          "nodeName": null,
          "description": null,
          "timeout": null,
          "warnings": [],
          "suggestions": [],
          "continueOnFail": false,
          "id": "HywXZX32d8",
          "textContent": null,
          "textAsserted": false,
          "x": 690,
          "y": 461
        },
        {
          "type": "URL_CHANGE_INDICATOR",
          "selector": "",
          "selectorType": "CSS",
          "nodeName": null,
          "description": null,
          "timeout": null,
          "warnings": [],
          "suggestions": [],
          "continueOnFail": false,
          "id": "S1EW7h2_U",
          "value": "/project/upload.php",
          "index": null
        },
        {
          "type": "PATH_ASSERT",
          "selector": "",
          "selectorType": "CSS",
          "nodeName": null,
          "description": null,
          "timeout": null,
          "warnings": [],
          "suggestions": [],
          "continueOnFail": false,
          "id": "SJl4Wm33O8",
          "value": "/project/upload.php",
          "regex": false
        },
        {
          "type": "MOUSEDOWN",
          "selector": "[name=search]",
          "selectorType": "CSS",
          "nodeName": null,
          "description": null,
          "timeout": null,
          "warnings": [],
          "suggestions": [],
          "continueOnFail": false,
          "id": "HJdWQ33OU",
          "textContent": null,
          "textAsserted": false,
          "x": 1101,
          "y": 49
        },
        {
          "type": "INPUT",
          "selector": "[name=search]",
          "selectorType": "CSS",
          "nodeName": null,
          "description": null,
          "timeout": null,
          "warnings": [],
          "suggestions": [],
          "continueOnFail": false,
          "id": "B1xK-Q23dL",
          "value": "is there a test",
          "inputType": "text",
          "isContentEditable": false
        },
        {
          "type": "KEYDOWN",
          "selector": "[name=search]",
          "selectorType": "CSS",
          "nodeName": null,
          "description": null,
          "timeout": null,
          "warnings": [],
          "suggestions": [],
          "continueOnFail": false,
          "id": "HymobX33dI",
          "keyValue": "Enter",
          "keyCode": 13,
          "inputValue": "is there a testEnter"
        },
        {
          "type": "SUBMIT",
          "selector": "div > header > form",
          "selectorType": "CSS",
          "nodeName": null,
          "description": null,
          "timeout": null,
          "warnings": [
            "Couldn't find a good selector strategy to target this element. "
          ],
          "suggestions": [],
          "continueOnFail": false,
          "id": "H1VjWm32_L"
        },
        {
          "type": "URL_CHANGE_INDICATOR",
          "selector": "",
          "selectorType": "CSS",
          "nodeName": null,
          "description": null,
          "timeout": null,
          "warnings": [],
          "suggestions": [],
          "continueOnFail": false,
          "id": "SyiW723OL",
          "value": "/project/searchresults.php",
          "index": null
        },
        {
          "type": "PATH_ASSERT",
          "selector": "",
          "selectorType": "CSS",
          "nodeName": null,
          "description": null,
          "timeout": null,
          "warnings": [],
          "suggestions": [],
          "continueOnFail": false,
          "id": "BJls-Xn3uL",
          "value": "/project/searchresults.php",
          "regex": false
        },
        {
          "type": "MOUSEDOWN",
          "selector": "[name=search]",
          "selectorType": "CSS",
          "nodeName": null,
          "description": null,
          "timeout": null,
          "warnings": [],
          "suggestions": [],
          "continueOnFail": false,
          "id": "SJ3-QnhuI",
          "textContent": null,
          "textAsserted": false,
          "x": 1118,
          "y": 36
        },
        {
          "type": "INPUT",
          "selector": "[name=search]",
          "selectorType": "CSS",
          "nodeName": null,
          "description": null,
          "timeout": null,
          "warnings": [],
          "suggestions": [],
          "continueOnFail": false,
          "id": "rJlpbmn3O8",
          "value": "test",
          "inputType": "text",
          "isContentEditable": false
        },
        {
          "type": "MOUSEDOWN",
          "selector": "header > form > input:nth-of-type(2)",
          "selectorType": "CSS",
          "nodeName": null,
          "description": null,
          "timeout": null,
          "warnings": [
            "Couldn't find a good selector strategy to target this element. "
          ],
          "suggestions": [],
          "continueOnFail": false,
          "id": "r1JzX23_8",
          "textContent": null,
          "textAsserted": false,
          "x": 996,
          "y": 45
        },
        {
          "type": "URL_CHANGE_INDICATOR",
          "selector": "",
          "selectorType": "CSS",
          "nodeName": null,
          "description": null,
          "timeout": null,
          "warnings": [],
          "suggestions": [],
          "continueOnFail": false,
          "id": "H1yz7h2_U",
          "value": "/_generated_background_page.html",
          "index": null
        },
        {
          "type": "PATH_ASSERT",
          "selector": "",
          "selectorType": "CSS",
          "nodeName": null,
          "description": null,
          "timeout": null,
          "warnings": [],
          "suggestions": [],
          "continueOnFail": false,
          "id": "BJl1GQ3hO8",
          "value": "/_generated_background_page.html",
          "regex": false
        }
      ],
      "id": "HyqIb3hOL",
      "type": "test",
      "variables": [
        {
          "id": "BkxwZh3_I",
          "name": "foo",
          "defaultValue": "bar",
          "type": "STRING_VAR"
        },
        {
          "id": "BJxdMhhOU",
          "name": "foo",
          "defaultValue": "bar",
          "type": "STRING_VAR"
        },
        {
          "id": "S1xRCGn3uU",
          "name": "baseUrl",
          "defaultValue": "http://localhost",
          "type": "STRING_VAR"
        }
      ]
    }
  ],
  "components": [],
  "directory": {
    "tree": {
      "module": "tests",
      "topLevel": true,
      "showGen": true,
      "children": [
        {
          "collapsed": false,
          "module": "New folder",
          "id": "rkljWnhOL",
          "children": []
        },
        {
          "module": "Unnamed test",
          "testId": "HyqIb3hOL",
          "leaf": true,
          "id": "H19IZhh_U",
          "type": "test"
        },
        {
          "module": "Unnamed test",
          "testId": "Hk-SW3n_8",
          "leaf": true,
          "id": "ryWrbhh_8",
          "type": "test"
        }
      ]
    }
  },
  "dataProfiles": [
    {
      "id": "ByPpbnhO8",
      "name": "staging",
      "variables": [],
      "profileId": "ByPpbnhO8",
      "inherited": false
    }
  ],
  "runs": [],
  "userSettings": {
    "drafts": false,
    "warnings": false,
    "autodescribe": false,
    "actionNumbers": false,
    "globalTimeout": 5000,
    "descriptions": [],
    "selectorPriority": [
      {
        "type": "attr",
        "name": "test-id",
        "enabled": true,
        "ancestor": false
      },
      {
        "type": "id",
        "enabled": true
      },
      {
        "type": "name",
        "enabled": true
      },
      {
        "type": "type",
        "enabled": true
      },
      {
        "type": "ancestor",
        "enabled": true
      },
      {
        "type": "class",
        "enabled": true
      }
    ]
  },
  "tags": []
}